[
  { "name": "Aachen", "country": "Germany" },
  { "name": "Aalborg", "country": "Denmark" },
  { "name": "Aarhus", "country": "Denmark" },
  { "name": "Abadan", "country": "Iran" },
  { "name": "Abuja", "country": "Nigeria" },
  { "name": "Accra", "country": "Ghana" },
  { "name": "Adana", "country": "Turkey" },
  { "name": "Addis Ababa", "country": "Ethiopia" },
  { "name": "Adelaide", "country": "Australia" },
  { "name": "Aden", "country": "Yemen" },
  { "name": "Agadir", "country": "Morocco" },
  { "name": "Ahmedabad", "country": "India" },
  { "name": "Albuquerque", "country": "USA" },
  { "name": "Alexandria", "country": "Egypt" },
  { "name": "Almaty", "country": "Kazakhstan" },
  { "name": "Amman", "country": "Jordan" },
  { "name": "Amsterdam", "country": "Netherlands" },
  { "name": "Ankara", "country": "Turkey" },
  { "name": "Antalya", "country": "Turkey" },
  { "name": "Arlington", "country": "USA" },
  { "name": "Asmara", "country": "Eritrea" },
  { "name": "Astana", "country": "Kazakhstan" },
  { "name": "Asuncion", "country": "Paraguay" },
  { "name": "Athens", "country": "Greece" },
  { "name": "Atlanta", "country": "USA" },
  { "name": "Auckland", "country": "New Zealand" },
  { "name": "Austin", "country": "USA" },
  { "name": "Baku", "country": "Azerbaijan" },
  { "name": "Bamako", "country": "Mali" },
  { "name": "Bandung", "country": "Indonesia" },
  { "name": "Bangkok", "country": "Thailand" },
  { "name": "Bangalore", "country": "India" },
  { "name": "Barcelona", "country": "Spain" },
  { "name": "Beijing", "country": "China" },
  { "name": "Beirut", "country": "Lebanon" },
  { "name": "Belgrade", "country": "Serbia" },
  { "name": "Belo Horizonte", "country": "Brazil" },
  { "name": "Berlin", "country": "Germany" },
  { "name": "Birmingham", "country": "UK" },
  { "name": "Bogota", "country": "Colombia" },
  { "name": "Bologna", "country": "Italy" },
  { "name": "Bordeaux", "country": "France" },
  { "name": "Boston", "country": "USA" },
  { "name": "Bratislava", "country": "Slovakia" },
  { "name": "Brazzaville", "country": "Congo" },
  { "name": "Brisbane", "country": "Australia" },
  { "name": "Brussels", "country": "Belgium" },
  { "name": "Bucharest", "country": "Romania" },
  { "name": "Budapest", "country": "Hungary" },
  { "name": "Buenos Aires", "country": "Argentina" },
  { "name": "Cairo", "country": "Egypt" },
  { "name": "Calgary", "country": "Canada" },
  { "name": "Cape Town", "country": "South Africa" },
  { "name": "Caracas", "country": "Venezuela" },
  { "name": "Casablanca", "country": "Morocco" },
  { "name": "Chengdu", "country": "China" },
  { "name": "Chennai", "country": "India" },
  { "name": "Chicago", "country": "USA" },
  { "name": "Chongqing", "country": "China" },
  { "name": "Copenhagen", "country": "Denmark" },
  { "name": "Dallas", "country": "USA" },
  { "name": "Damascus", "country": "Syria" },
  { "name": "Dar es Salaam", "country": "Tanzania" },
  { "name": "Delhi", "country": "India" },
  { "name": "Denver", "country": "USA" },
  { "name": "Dhaka", "country": "Bangladesh" },
  { "name": "Doha", "country": "Qatar" },
  { "name": "Dubai", "country": "UAE" },
  { "name": "Dublin", "country": "Ireland" },
  { "name": "Dusseldorf", "country": "Germany" },
  { "name": "Edinburgh", "country": "UK" },
  { "name": "Edmonton", "country": "Canada" },
  { "name": "Frankfurt", "country": "Germany" },
  { "name": "Geneva", "country": "Switzerland" },
  { "name": "George", "country": "South Africa" },
  { "name": "Glasgow", "country": "UK" },
  { "name": "Gothenburg", "country": "Sweden" },
  { "name": "Guadalajara", "country": "Mexico" },
  { "name": "Guangzhou", "country": "China" },
  { "name": "Hamburg", "country": "Germany" },
  { "name": "Hanoi", "country": "Vietnam" },
  { "name": "Helsinki", "country": "Finland" },
  { "name": "Ho Chi Minh City", "country": "Vietnam" },
  { "name": "Hong Kong", "country": "China" },
  { "name": "Houston", "country": "USA" },
  { "name": "Hyderabad", "country": "India" },
  { "name": "Istanbul", "country": "Turkey" },
  { "name": "Jakarta", "country": "Indonesia" },
  { "name": "Jeddah", "country": "Saudi Arabia" },
  { "name": "Johannesburg", "country": "South Africa" },
  { "name": "Kabul", "country": "Afghanistan" },
  { "name": "Kampala", "country": "Uganda" },
  { "name": "Kathmandu", "country": "Nepal" },
  { "name": "Kiev", "country": "Ukraine" },
  { "name": "Kigali", "country": "Rwanda" },
  { "name": "Kolkata", "country": "India" },
  { "name": "Kuala Lumpur", "country": "Malaysia" },
  { "name": "Kuwait City", "country": "Kuwait" },
  { "name": "Lagos", "country": "Nigeria" },
  { "name": "Lahore", "country": "Pakistan" },
  { "name": "Las Vegas", "country": "USA" },
  { "name": "Lima", "country": "Peru" },
  { "name": "Lisbon", "country": "Portugal" },
  { "name": "Ljubljana", "country": "Slovenia" },
  { "name": "London", "country": "UK" },
  { "name": "Los Angeles", "country": "USA" },
  { "name": "Luanda", "country": "Angola" },
  { "name": "Lusaka", "country": "Zambia" },
  { "name": "Luxembourg", "country": "Luxembourg" },
  { "name": "Macau", "country": "China" },
  { "name": "Madrid", "country": "Spain" },
  { "name": "Manama", "country": "Bahrain" },
  { "name": "Manila", "country": "Philippines" },
  { "name": "Marrakech", "country": "Morocco" },
  { "name": "Marseille", "country": "France" },
  { "name": "Melbourne", "country": "Australia" },
  { "name": "Mexico City", "country": "Mexico" },
  { "name": "Miami", "country": "USA" },
  { "name": "Milan", "country": "Italy" },
  { "name": "Minsk", "country": "Belarus" },
  { "name": "Monterrey", "country": "Mexico" },
  { "name": "Montreal", "country": "Canada" },
  { "name": "Moscow", "country": "Russia" },
  { "name": "Mumbai", "country": "India" },
  { "name": "Munich", "country": "Germany" },
  { "name": "Muscat", "country": "Oman" },
  { "name": "Nairobi", "country": "Kenya" },
  { "name": "Naples", "country": "Italy" },
  { "name": "New Delhi", "country": "India" },
  { "name": "New York City", "country": "USA" },
  { "name": "Newcastle", "country": "UK" },
  { "name": "Nice", "country": "France" },
  { "name": "Nicosia", "country": "Cyprus" },
  { "name": "Ottawa", "country": "Canada" },
  { "name": "Palembang", "country": "Indonesia" },
  { "name": "Paris", "country": "France" },
  { "name": "Peking", "country": "China" },
  { "name": "Perth", "country": "Australia" },
  { "name": "Philadelphia", "country": "USA" },
  { "name": "Phoenix", "country": "USA" },
  { "name": "Phnom Penh", "country": "Cambodia" },
  { "name": "Pittsburgh", "country": "USA" },
  { "name": "Porto", "country": "Portugal" },
  { "name": "Prague", "country": "Czech Republic" },
  { "name": "Pretoria", "country": "South Africa" },
  { "name": "Providence", "country": "USA" },
  { "name": "Puebla", "country": "Mexico" },
  { "name": "Pune", "country": "India" },
  { "name": "Pyongyang", "country": "North Korea" },
  { "name": "Qatar", "country": "Qatar" },
  { "name": "Quebec City", "country": "Canada" },
  { "name": "Quito", "country": "Ecuador" },
  { "name": "Rabat", "country": "Morocco" },
  { "name": "Raleigh", "country": "USA" },
  { "name": "Rangoon", "country": "Myanmar" },
  { "name": "Reykjavik", "country": "Iceland" },
  { "name": "Riyadh", "country": "Saudi Arabia" },
  { "name": "Rome", "country": "Italy" },
  { "name": "Rotterdam", "country": "Netherlands" },
  { "name": "Saint Petersburg", "country": "Russia" },
  { "name": "Salvador", "country": "Brazil" },
  { "name": "San Antonio", "country": "USA" },
  { "name": "San Francisco", "country": "USA" },
  { "name": "San Jose", "country": "USA" },
  { "name": "San Juan", "country": "Puerto Rico" },
  { "name": "San Salvador", "country": "El Salvador" },
  { "name": "Santiago", "country": "Chile" },
  { "name": "Santo Domingo", "country": "Dominican Republic" },
  { "name": "Sao Paulo", "country": "Brazil" },
  { "name": "Sarajevo", "country": "Bosnia and Herzegovina" },
  { "name": "Seattle", "country": "USA" },
  { "name": "Seoul", "country": "South Korea" },
  { "name": "Shanghai", "country": "China" },
  { "name": "Shenzhen", "country": "China" },
  { "name": "Singapore", "country": "Singapore" },
  { "name": "Skopje", "country": "North Macedonia" },
  { "name": "Sofia", "country": "Bulgaria" },
  { "name": "St. Louis", "country": "USA" },
  { "name": "Stockholm", "country": "Sweden" },
  { "name": "Surabaya", "country": "Indonesia" },
  { "name": "Sydney", "country": "Australia" },
  { "name": "Taipei", "country": "Taiwan" },
  { "name": "Tallinn", "country": "Estonia" },
  { "name": "Tampa", "country": "USA" },
  { "name": "Tashkent", "country": "Uzbekistan" },
  { "name": "Tbilisi", "country": "Georgia" },
  { "name": "Teheran", "country": "Iran" },
  { "name": "Tel Aviv", "country": "Israel" },
  { "name": "Thessaloniki", "country": "Greece" },
  { "name": "Tianjin", "country": "China" },
  { "name": "Tokyo", "country": "Japan" },
  { "name": "Toronto", "country": "Canada" },
  { "name": "Tripoli", "country": "Libya" },
  { "name": "Tunis", "country": "Tunisia" },
  { "name": "Ulaanbaatar", "country": "Mongolia" },
  { "name": "Valencia", "country": "Spain" },
  { "name": "Vancouver", "country": "Canada" },
  { "name": "Vienna", "country": "Austria" },
  { "name": "Vilnius", "country": "Lithuania" },
  { "name": "Warsaw", "country": "Poland" },
  { "name": "Washington D.C.", "country": "USA" },
  { "name": "Wellington", "country": "New Zealand" },
  { "name": "Wuhan", "country": "China" },
  { "name": "Yangoon", "country": "Myanmar" },
  { "name": "Yaounde", "country": "Cameroon" },
  { "name": "Yekaterinburg", "country": "Russia" },
  { "name": "Yerevan", "country": "Armenia" },
  { "name": "Zagreb", "country": "Croatia" },
  { "name": "Zurich", "country": "Switzerland" },
  { "name": "Abidjan", "country": "Côte d'Ivoire" },
  { "name": "Accra", "country": "Ghana" },
  { "name": "Adamstown", "country": "Pitcairn Islands" },
  { "name": "Addis Ababa", "country": "Ethiopia" },
  { "name": "Ajman", "country": "United Arab Emirates" },
  { "name": "Al Ain", "country": "United Arab Emirates" },
  { "name": "Almaty", "country": "Kazakhstan" },
  { "name": "Andorra la Vella", "country": "Andorra" },
  { "name": "Antananarivo", "country": "Madagascar" },
  { "name": "Apia", "country": "Samoa" },
  { "name": "Ashgabat", "country": "Turkmenistan" },
  { "name": "Asmara", "country": "Eritrea" },
  { "name": "Astana", "country": "Kazakhstan" },
  { "name": "Asuncion", "country": "Paraguay" },
  { "name": "Athens", "country": "Greece" },
  { "name": "Avarua", "country": "Cook Islands" },
  { "name": "Baku", "country": "Azerbaijan" },
  { "name": "Bamako", "country": "Mali" },
  { "name": "Bandar Seri Begawan", "country": "Brunei" },
  { "name": "Bangui", "country": "Central African Republic" },
  { "name": "Bangkok", "country": "Thailand" },
  { "name": "Beijing", "country": "China" },
  { "name": "Beirut", "country": "Lebanon" },
  { "name": "Belgrade", "country": "Serbia" },
  { "name": "Belize City", "country": "Belize" },
  { "name": "Berlin", "country": "Germany" },
  { "name": "Bern", "country": "Switzerland" },
  { "name": "Bishkek", "country": "Kyrgyzstan" },
  { "name": "Bogota", "country": "Colombia" },
  { "name": "Brasilia", "country": "Brazil" },
  { "name": "Bratislava", "country": "Slovakia" },
  { "name": "Brazzaville", "country": "Congo" },
  { "name": "Bridgetown", "country": "Barbados" },
  { "name": "Brussels", "country": "Belgium" },
  { "name": "Bucharest", "country": "Romania" },
  { "name": "Budapest", "country": "Hungary" },
  { "name": "Buenos Aires", "country": "Argentina" },
  { "name": "Cairo", "country": "Egypt" },
  { "name": "Canberra", "country": "Australia" },
  { "name": "Caracas", "country": "Venezuela" },
  { "name": "Chisinau", "country": "Moldova" },
  { "name": "Colombo", "country": "Sri Lanka" },
  { "name": "Conakry", "country": "Guinea" },
  { "name": "Copenhagen", "country": "Denmark" },
  { "name": "Dakar", "country": "Senegal" },
  { "name": "Damascus", "country": "Syria" },
  { "name": "Dar es Salaam", "country": "Tanzania" },
  { "name": "Dhaka", "country": "Bangladesh" },
  { "name": "Djibouti", "country": "Djibouti" },
  { "name": "Doha", "country": "Qatar" },
  { "name": "Douala", "country": "Cameroon" },
  { "name": "Dublin", "country": "Ireland" },
  { "name": "Dushanbe", "country": "Tajikistan" },
  { "name": "Edinburgh", "country": "UK" },
  { "name": "Kigali", "country": "Rwanda" },
  { "name": "Kingston", "country": "Jamaica" },
  { "name": "Kingstown", "country": "Saint Vincent and the Grenadines" },
  { "name": "Kinshasa", "country": "Congo" },
  { "name": "Kuala Lumpur", "country": "Malaysia" },
  { "name": "Kuwait City", "country": "Kuwait" },
  { "name": "Libreville", "country": "Gabon" },
  { "name": "Lilongwe", "country": "Malawi" },
  { "name": "Lima", "country": "Peru" },
  { "name": "Lisbon", "country": "Portugal" },
  { "name": "Ljubljana", "country": "Slovenia" },
  { "name": "Lome", "country": "Togo" },
  { "name": "London", "country": "UK" },
  { "name": "Lusaka", "country": "Zambia" },
  { "name": "Luxembourg", "country": "Luxembourg" },
  { "name": "Madrid", "country": "Spain" },
  { "name": "Majuro", "country": "Marshall Islands" },
  { "name": "Malabo", "country": "Equatorial Guinea" },
  { "name": "Male", "country": "Maldives" },
  { "name": "Manama", "country": "Bahrain" },
  { "name": "Manila", "country": "Philippines" },
  { "name": "Maputo", "country": "Mozambique" },
  { "name": "Marigot", "country": "Saint Martin" },
  { "name": "Maseru", "country": "Lesotho" },
  { "name": "Mbabane", "country": "Eswatini" },
  { "name": "Mexico City", "country": "Mexico" },
  { "name": "Minsk", "country": "Belarus" },
  { "name": "Mogadishu", "country": "Somalia" },
  { "name": "Monaco", "country": "Monaco" },
  { "name": "Monrovia", "country": "Liberia" },
  { "name": "Montevideo", "country": "Uruguay" },
  { "name": "Moroni", "country": "Comoros" },
  { "name": "Moscow", "country": "Russia" },
  { "name": "Nairobi", "country": "Kenya" },
  { "name": "Nassau", "country": "Bahamas" },
  { "name": "Naypyidaw", "country": "Myanmar" },
  { "name": "New Delhi", "country": "India" },
  { "name": "Niamey", "country": "Niger" },
  { "name": "Nicosia", "country": "Cyprus" },
  { "name": "Nouakchott", "country": "Mauritania" },
  { "name": "Nuku'alofa", "country": "Tonga" },
  { "name": "Nur-Sultan", "country": "Kazakhstan" },
  { "name": "Ottawa", "country": "Canada" },
  { "name": "Ouagadougou", "country": "Burkina Faso" },
  { "name": "Pablo", "country": "Uruguay" },
  { "name": "Paris", "country": "France" },
  { "name": "Phnom Penh", "country": "Cambodia" },
  { "name": "Podgorica", "country": "Montenegro" },
  { "name": "Port-au-Prince", "country": "Haiti" },
  { "name": "Porto-Novo", "country": "Benin" },
  { "name": "Prague", "country": "Czech Republic" },
  { "name": "Praia", "country": "Cape Verde" },
  { "name": "Premiership", "country": "Tonga" },
  { "name": "Pristina", "country": "Kosovo" },
  { "name": "Pyongyang", "country": "North Korea" },
  { "name": "Quito", "country": "Ecuador" },
  { "name": "Rabat", "country": "Morocco" },
  { "name": "Reykjavik", "country": "Iceland" },
  { "name": "Riga", "country": "Latvia" },
  { "name": "Riyadh", "country": "Saudi Arabia" },
  { "name": "Rome", "country": "Italy" },
  { "name": "Roseau", "country": "Dominica" },
  { "name": "Santiago", "country": "Chile" },
  { "name": "Santo Domingo", "country": "Dominican Republic" },
  { "name": "Sarajevo", "country": "Bosnia and Herzegovina" },
  { "name": "Seoul", "country": "South Korea" },
  { "name": "Singapore", "country": "Singapore" },
  { "name": "Skopje", "country": "North Macedonia" },
  { "name": "Sofia", "country": "Bulgaria" },
  { "name": "Stockholm", "country": "Sweden" },
  { "name": "Suva", "country": "Fiji" },
  { "name": "Taipei", "country": "Taiwan" },
  { "name": "Tallinn", "country": "Estonia" },
  { "name": "Tashkent", "country": "Uzbekistan" },
  { "name": "Tbilisi", "country": "Georgia" },
  { "name": "Tegucigalpa", "country": "Honduras" },
  { "name": "Tehran", "country": "Iran" },
  { "name": "Thimphu", "country": "Bhutan" },
  { "name": "Tirana", "country": "Albania" },
  { "name": "Tokyo", "country": "Japan" },
  { "name": "Tripoli", "country": "Libya" },
  { "name": "Tunis", "country": "Tunisia" },
  { "name": "Ulaanbaatar", "country": "Mongolia" },
  { "name": "Vaduz", "country": "Liechtenstein" },
  { "name": "Valletta", "country": "Malta" },
  { "name": "Vatican City", "country": "Vatican City" },
  { "name": "Victoria", "country": "Seychelles" },
  { "name": "Vienna", "country": "Austria" },
  { "name": "Vientiane", "country": "Laos" },
  { "name": "Vilnius", "country": "Lithuania" },
  { "name": "Warsaw", "country": "Poland" },
  { "name": "Washington D.C.", "country": "USA" },
  { "name": "Wellington", "country": "New Zealand" },
  { "name": "Willemstad", "country": "Curaçao" },
  { "name": "Windhoek", "country": "Namibia" },
  { "name": "Yamoussoukro", "country": "Côte d'Ivoire" },
  { "name": "Yangon", "country": "Myanmar" },
  { "name": "Yaounde", "country": "Cameroon" },
  { "name": "Yerevan", "country": "Armenia" },
  { "name": "Zagreb", "country": "Croatia" }
]
